{"cameraMode":{"drawMode":0,"name":"Shaded","section":"Shading Mode"},"sceneLighting":true,"audioPlay":false,"sceneViewState":{"showFog":true,"showMaterialUpdate":false,"showSkybox":true,"showFlares":true,"showImageEffects":true,"showParticleSystems":true,"showVisualEffectGraphs":true,"m_FxEnabled":true},"in2DMode":false,"pivot":{"x":-0.7415854334831238,"y":2.3236091136932375,"z":-8.352246284484864},"rotation":{"x":0.009326416067779065,"y":-0.9760943651199341,"z":0.21296066045761109,"w":0.042773470282554629},"size":9.549835205078125,"orthographic":false}